{"cameraMode":{"drawMode":0,"name":"Shaded","section":"Shading Mode"},"sceneLighting":false,"audioPlay":false,"sceneViewState":{"m_AlwaysRefresh":false,"showFog":true,"showSkybox":false,"showFlares":true,"showImageEffects":true,"showParticleSystems":true,"showVisualEffectGraphs":true,"m_FxEnabled":true},"in2DMode":false,"pivot":{"x":1.3509998321533204,"y":-4.224999904632568,"z":10.788999557495118},"rotation":{"x":0.17239980399608613,"y":0.8128692507743836,"z":-0.29846861958503725,"w":0.46952176094055178},"size":1.8947175741195679,"orthographic":false}