{"cameraMode":{"drawMode":0,"name":"Shaded","section":"Shading Mode"},"sceneLighting":false,"audioPlay":false,"sceneViewState":{"m_AlwaysRefresh":false,"showFog":true,"showSkybox":false,"showFlares":true,"showImageEffects":true,"showParticleSystems":true,"showVisualEffectGraphs":true,"m_FxEnabled":true},"in2DMode":false,"pivot":{"x":0.2999999523162842,"y":-4.224999904632568,"z":11.800000190734864},"rotation":{"x":0.0539967305958271,"y":0.8992884755134583,"z":-0.11610320210456848,"w":0.41820845007896426},"size":0.7061528563499451,"orthographic":false}